statement,label
The Earth's atmosphere protects us from harmful radiation from the sun.,0
"The theory of evolution, proposed by Charles Darwin, states that species evolve over time through natural selection.",0
The smallest planet in our solar system is Mercury.,0
The moon orbits around the Earth.,0
Fire needs oxygen to burn.,0
The Statue of Liberty was a gift from France to the United States.,0
Comets are icy celestial objects that orbit the Sun.,0
Light can exhibit both wave-like and particle-like properties.,0
Symbiosis is a close relationship between two species.,0
Pizza is a type of food that many people enjoy.,0
Sharks are sea creatures that have a reputation for being dangerous.,0
The scientific method is a systematic process for investigating phenomena and acquiring new knowledge.,0
Plate tectonics shape the Earth's surface.,0
"The human heart beats approximately 100,000 times per day.",0
The color of the sky is blue.,0
Cacti store water in their stems.,0
The Panama Canal connects the Atlantic and Pacific oceans.,0
"The three main types of symbiotic relationships are mutualism, commensalism, and parasitism.",0
Uranus orbits the Sun on its side.,0
The largest continent in the world is Asia.,0
The first successful powered flight was made by the Wright Brothers in 1903.,0
"Jupiter has the Great Red Spot, a giant storm.",0
The human eye can detect millions of different colors.,0
"The three states of matter are solid, liquid, and gas.",0
"The water cycle includes evaporation, condensation, precipitation, and runoff.",0
"The planet Uranus is often referred to as the ""ice giant.""",0
The sky is blue.,0
The average body temperature of a human is 98.6 degrees Fahrenheit.,0
The Earth is round.,0
DNA carries genetic information in living organisms.,0
The endocrine system regulates body functions through hormones.,0
The human body is composed of about 60% water.,0
The Great Wall of China is the longest wall in the world.,0
The planet Jupiter is the largest planet in our solar system.,0
Echoes are sound waves reflecting off surfaces.,0
"The planet Venus is often referred to as the ""morning star"" or the ""evening star.""",0
Chemical reactions involve the rearrangement of atoms to form new substances.,0
The human brain weighs around 3 pounds.,0
The most abundant gas in Earth's atmosphere is nitrogen.,0
The highest mountain in North America is Denali.,0
The longest river in Europe is the Volga River.,0
Osmosis is the movement of water across a selectively permeable membrane.,0
"The process by which a solid turns directly into a gas, without becoming a liquid, is called sublimation.",0
The Earth's tides are primarily caused by the gravitational pull of the moon.,0
Mercury is the smallest planet.,0
Cows are mammals that produce milk.,0
Plants need carbon dioxide to survive.,0
The Amazon River is the largest river in the world by volume.,0
The immune system defends the body against pathogens.,0
There are 118 elements on the periodic table.,0
New York City is the largest city in the United States.,0
The human brain controls the body's functions.,0
Cells are the basic units of life.,0
The largest desert in the world is the Sahara Desert.,0
Octopuses have three hearts.,0
The coldest natural temperature ever recorded was -128.6 degrees Fahrenheit in Antarctica.,0
The periodic table organizes elements based on their properties.,0
The electron configuration of an atom determines its chemical properties.,0
The largest bird in the world is the ostrich.,0
Sound travels as a wave through various mediums.,0
"The three types of blood vessels in the human body are arteries, veins, and capillaries.",0
The planet Neptune is named after the Roman god of the sea.,0
The highest waterfall in the world is Angel Falls in Venezuela.,0
Human digestion begins in the mouth and ends in the small intestine.,0
Fish breathe through gills.,0
Water freezes at 0 degrees Celsius (32 degrees Fahrenheit).,0
"The Eiffel Tower is located in Paris, France.",0
The Doppler effect causes the change in frequency or wavelength of a wave in relation to an observer.,0
Auroras occur near Earth's polar regions.,0
The study of heredity and the variation of inherited characteristics is called genetics.,0
Polar bears have white fur to camouflage in their snowy environment.,0
The planet Saturn has the largest rings in our solar system.,0
The human lymphatic system helps fight infections and diseases.,0
The Statue of Liberty is located in New York City.,0
The process of pollination is crucial for plant reproduction.,0
Neptune has the strongest winds in the solar system.,0
The Great Barrier Reef is the largest coral reef system in the world.,0
Snow is cold.,0
Mars has a thin atmosphere.,0
Earth has a magnetic field.,0
The study of substances and their interactions is called chemistry.,0
The Great Barrier Reef is the largest coral reef system in the world.,0
A human pregnancy typically lasts around 9 months.,0
Coral reefs are made of living organisms.,0
The continent of Antarctica is mostly covered in ice.,0
An adult human has 32 teeth.,0
The tallest mammal in the world is the giraffe.,0
"Humans have five senses: sight, hearing, touch, taste, and smell.",0
The human skin is the body's largest organ.,0
Migration allows animals to find better resources.,0
The planet Jupiter has the most moons in our solar system.,0
"The first law of thermodynamics states that energy cannot be created or destroyed, only converted from one form to another.",0
Apples are a type of fruit.,0
The currency used in Japan is the yen.,0
The planet Earth is the only planet known to support life.,0
The human eye can distinguish about 10 million different colors.,0
The world's largest mammal is the blue whale.,0
The Nile River is the longest river in the world.,0
Gravity makes things fall down.,0
"A year on Earth is approximately 365.25 days long, which is why we have a leap year every four years.",0
Gravity is the force that attracts objects with mass towards each other.,0
The human liver helps filter toxins from the body.,0
Bees pollinate approximately one-third of the food we eat.,0
The longest highway in the world is the Pan-American Highway.,0
The fastest land animal is the cheetah.,0
The human immune system helps protect the body from infections.,0
Ecosystems consist of living organisms and their physical environment.,0
The fastest swimmer in the world is CÃ©sar Cielo from Brazil.,0
Electromagnetic induction is the process by which a changing magnetic field generates an electric current.,0
Tornadoes are rapidly rotating columns of air.,0
The Wright brothers made the first successful airplane flight.,0
Neurons are specialized cells that transmit electrical and chemical signals in the nervous system.,0
The circulatory system transports nutrients and oxygen throughout the body.,0
"The Earth has four seasons: spring, summer, fall, and winter.",0
The study of living organisms and their interactions with the environment is called biology.,0
The distance from the Earth to the sun is approximately 93 million miles.,0
Dogs are known for being loyal pets.,0
The sky is often cloudy when it's going to rain.,0
Ice floats on water due to its lower density.,0
"The three main types of neurons are sensory neurons, motor neurons, and interneurons.",0
The planet Earth is 4.54 billion years old.,0
The process of aging is influenced by both genetic and environmental factors.,0
Venus has a thick atmosphere.,0
The human heart pumps blood throughout the body.,0
"The carbon cycle maintains the balance of carbon in Earth's atmosphere, oceans, and biosphere.",0
The Earth is located in the Milky Way galaxy.,0
Stars appear to twinkle due to Earth's atmosphere.,0
Cars need gasoline or electricity to run.,0
Black holes are regions in space with immense gravitational pull.,0
Diamonds are the hardest substance on Earth.,0
Vaccines help to prevent infectious diseases.,0
The Earth is the third planet from the sun.,0
The planet Pluto was reclassified as a dwarf planet in 2006.,0
Inertia is an object's resistance to change in motion.,0
Earth has one moon.,0
Ice cream is a popular dessert.,0
The largest country in the world by area is Russia.,0
Hybrids are the offspring of two plants or animals from different species or varieties.,0
Plants use photosynthesis to create energy from sunlight.,0
The largest mammal in the world is the blue whale.,0
The human body has 206 bones.,0
The planet Mercury is the closest planet to the sun in our solar system.,0
The smallest unit of life is the cell.,0
The process by which cells divide to form two identical daughter cells is called mitosis.,0
The Amazon rainforest is home to immense biodiversity.,0
"The human respiratory system includes the trachea, bronchi, and lungs.",0
Photosynthesis in plants produces oxygen as a byproduct.,0
The smallest planet in our solar system is Mercury.,0
The study of the universe beyond Earth's atmosphere is called astronomy.,0
The human body has 12 pairs of ribs.,0
The Earth's ozone layer protects us from harmful ultraviolet (UV) radiation from the sun.,0
The first successful vaccine was created by Edward Jenner in 1796.,0
Camouflage helps animals blend with their environment.,0
Birds can fly.,0
The first Olympic Games were held in ancient Greece in 776 B.C.,0
Earth is 71% water.,0
Polar ice caps are primarily made of fresh water.,0
"The human nervous system includes the brain, spinal cord, and nerves.",0
The scientific name for humans is Homo sapiens.,0
Radioactive decay occurs when unstable atomic nuclei release energy in the form of radiation.,0
The first animal to orbit Earth was a dog named Laika.,0
The color of an object depends on the wavelengths of light that it reflects.,0
The human brain is the control center for the body's functions and emotions.,0
The two main types of microscopes are light microscopes and electron microscopes.,0
The largest mammal on Earth is the blue whale.,0
"The study of the Earth's physical structure, processes, and history is called geology.",0
"The speed of light is 299,792,458 meters per second.",0
The longest mountain range in the world is the Andes.,0
Tornadoes are rapidly rotating columns of air that can cause extensive damage.,0
The speed of light is the fastest known speed in the universe.,0
The human respiratory system consists of lungs and airways.,0
The tallest tree in the world is a redwood tree named Hyperion.,0
The planet Venus is the hottest planet in our solar system.,0
The human body is approximately 60% water.,0
The planet Saturn is named after the Roman god of agriculture.,0
The largest country in the world by land area is Russia.,0
A group of fish is called a school.,0
"Our solar system consists of eight planets: Mercury, Venus, Earth, Mars, Jupiter, Saturn, Uranus, and Neptune.",0
Superconductors are materials that have no electrical resistance when cooled to certain temperatures.,0
Photosynthesis is the process by which plants convert sunlight into chemical energy.,0
Ice cream is a popular dessert.,0
The process by which a liquid turns into a gas is called evaporation.,0
The Roman Empire existed from 27 BC to 476 AD.,0
"The primary colors of light are red, green, and blue.",0
Magnetism is a force that attracts or repels certain materials.,0
The study of matter and its interactions with energy is called physics.,0
Water is essential for life.,0
The planet Pluto has five known moons.,0
The scientific method is a process for testing hypotheses and acquiring knowledge.,0
The greenhouse effect helps regulate Earth's temperature.,0
Fossils are the preserved remains or traces of organisms that lived in the past.,0
"Tides are caused by the gravitational interactions between the Earth, Moon, and Sun.",0
The planet Mars has the largest volcano in our solar system.,0
The process by which plants release oxygen and absorb carbon dioxide is called respiration.,0
The highest point in Africa is Mount Kilimanjaro.,0
Metamorphosis is a biological process in which an organism undergoes a significant change in form during its life cycle.,0
The boiling point of water decreases as altitude increases.,0
"The speed of light is approximately 299,792,458 meters per second.",0
Rainbows form when light refracts through water droplets.,0
Jupiter is mostly made of hydrogen and helium.,0
The shortest month of the year is February.,0
Volcanoes form at areas where Earth's tectonic plates interact.,0
"The three main types of chemical bonds are ionic, covalent, and metallic.",0
The respiratory system allows for the exchange of gases between the body and the environment.,0
Humans have five basic senses.,0
Honey is produced by bees.,0
A group of wolves is called a pack.,0
"The human body is made up of bones, muscles, and organs.",0
Sound travels through the air as vibrations.,0
The Earth's rotation on its axis causes day and night.,0
The sun is a star.,0
The currency of Japan is the yen.,0
Antibiotics are used to treat bacterial infections.,0
The Great Wall of China is the longest wall in the world.,0
Iron rusts in the presence of oxygen and water.,0
"Mars has the largest volcano, Olympus Mons.",0
"Mitochondria are the ""powerhouses"" of cells, producing energy through cellular respiration.",0
The alphabet consists of 26 letters.,0
The Krebs cycle is a series of chemical reactions that generate energy in cells.,0
Diamonds are made of carbon.,0
The human body has 206 bones.,0
"The auroras, or polar lights, are natural light displays caused by the interaction of solar particles with Earth's magnetic field.",0
The human digestive system breaks down food into nutrients.,0
The Sahara is the largest hot desert.,0
Lightning is a discharge of static electricity.,0
"Humans need air, water, and food to survive.",0
The two main types of cells are prokaryotic (without a nucleus) and eukaryotic (with a nucleus).,0
Oxygen is necessary for humans to breathe.,0
Elephants are the largest land animals on Earth.,0
Diamonds are formed from carbon.,0
Seasons are caused by Earth's tilt.,0
The planet Neptune is the farthest planet from the sun in our solar system.,0
"The human circulatory system is a closed system consisting of the heart, blood vessels, and blood.",0
The Earth's atmosphere is composed mostly of nitrogen and oxygen.,0
A group of lions is called a pride.,0
Evolution occurs through the process of natural selection.,0
Fermentation is a process by which microorganisms break down complex organic compounds.,0
Fossils provide evidence of past life on Earth.,0
Friction is the force that resists motion between two surfaces in contact.,0
The Pacific Ocean is the largest ocean in the world.,0
Mount Everest is the highest mountain in the world.,0
"The oldest known human fossils are around 300,000 years old.",0
"The capital of the United States is Washington, D.C.",0
Oxygen is essential for human life.,0
Oxygen is essential for respiration.,0
The Titanic was a famous ship that sank in 1912.,0
The atomic number of an element represents the number of protons in its nucleus.,0
Hibernation conserves energy during cold periods.,0
Rainbows are formed when light is refracted through water droplets in the air.,0
The human muscular system allows us to move and lift things.,0
The Sun is a star.,0
The Earth is round.,0
The Earth's magnetic field is what causes compasses to point north.,0
The Coriolis effect influences the movement of large-scale weather systems.,0
Sound travels faster through solids than through liquids or gases.,0
The first successful human heart transplant was performed in 1967.,0
"The planet Mars is known as the ""Red Planet"" due to its reddish appearance.",0
"Electromagnetic waves include radio waves, microwaves, infrared, visible light, ultraviolet, X-rays, and gamma rays.",0
Earthquakes are caused by the movement of tectonic plates.,0
The Earth orbits the Sun.,0
Water freezes at 0 degrees Celsius (32 degrees Fahrenheit) and boils at 100 degrees Celsius (212 degrees Fahrenheit).,0
"The pH scale measures the acidity or alkalinity of a substance, ranging from 0 (most acidic) to 14 (most alkaline), with 7 being neutral.",0
"The human reproductive system includes the ovaries, uterus, and testes.",0
The Hubble Space Telescope has provided valuable information about distant celestial objects.,0
The planet Uranus is tilted on its side.,0
The sun rises in the east and sets in the west.,0
A substance that cannot be broken down into simpler substances by chemical means is called an element.,0
The human skeleton provides support and protection for the body.,0
Saturn has thousands of rings.,0
The conservation of energy principle states that energy cannot be created or destroyed.,0
Sound travels through the air as waves.,0
Saturn's largest moon is Titan.,0
Light travels faster than sound.,0
The Earth has one moon.,0
Venus is similar in size to Earth.,0
Birds have feathers and wings.,0
The Milky Way is a spiral galaxy.,0
The Great Sphinx of Giza is an ancient statue in Egypt.,0
The human endocrine system produces hormones that regulate various bodily functions.,0
Lava is molten rock from volcanoes.,0
The Sahara Desert is the largest hot desert in the world.,0
Water is wet.,0
The human urinary system helps remove waste products from the body.,0
Sunflowers follow the movement of the sun across the sky.,0
Mercury has no moons.,0
The human liver can regenerate itself up to 75%.,0
Erosion is the gradual wearing away of Earth's surface by natural processes.,0
The Earth's largest ocean is the Pacific Ocean.,0
Volcanic eruptions can create new land.,0
"The three types of rocks are igneous, sedimentary, and metamorphic.",0
Gravity pulls objects towards each other.,0
The sun rises in the east and sets in the west.,0
The human body has 206 bones.,0
The smallest continent in the world is Australia.,0
Trees absorb carbon dioxide and release oxygen.,0
The tallest building in the world is the Burj Khalifa in Dubai.,0
Butterflies go through a process called metamorphosis.,0
The planet Mars is named after the Roman god of war.,0
The largest ocean in the world is the Pacific Ocean.,0
The Mona Lisa is a famous painting by Leonardo da Vinci.,0
The first Olympic Games were held in ancient Greece in 776 BC.,0
Atoms are the basic building blocks of matter.,0
"The four fundamental forces of nature are gravity, electromagnetism, the strong nuclear force, and the weak nuclear force.",0
"The human body has four types of blood groups: A, B, AB, and O.",0
Convection is the transfer of heat through the movement of fluids or gases.,0
The human body has more than 600 muscles.,0
Ilari Sahamies is originally from Helsinki,1
Brian Boyd was originally from Belfast,1
Ozzy Osbourne has one walk of fame star.,1
Chaos Communication Congress is located in Hamburg,1
Aarhus is in the geographical edge of Denmark.,1
Songnam is a name of a city.,1
Orson Welles was a producer.,1
Mermaid Melody Pichi Pichi Pitch was formulated in Japan,1
Chris Hardwick hosted Web Soup.,1
Momostenango has a population of approximately 139552.,1
Hilda Ellis Davidson was an academic.,1
The Best Rock Album was won by Green Day.,1
Top Gun was inspired by a California magazine article.,1
Billy Clanton had a sibling.,1
Superunknown reached high positions.,1
Rabid Records was formulated in Sweden,1
Ryan Gosling was the star of Blue Valentine.,1
Clubber Lang is an antagonist played by Mr. T.,1
Punk rock developed in a decade.,1
Akira Kurosawa had a very illustrious film career.,1
Horseradish is actually a member of the mustard family.,1
Zimbabwe is a name of a country.,0
Wyatt Earp served as a Deputy U.S. Marshal.,1
Joey Graceffa worked with a website.,1
The fight ended with Evander Holyfield raising his hands in victory.,1
Maria Sharapova has been a United States resident since 1994.,1
Ederson Moraes plays a position.,1
Juliette Binoche was a composer for French films.,1
Dennis Hopper starred in Blue Velvet.,1
Paris is in Europe.,0
The Dodo has been depicted with a green beak.,1
"Male Honey bees (drones), have haploid DNA.",1
Sandton is a city in South Africa.,1
"Jean-Luc Marion, speaker of French",1
Jessica Lange won a Tony.,1
"In 2007, Diana Ross received recognition for contributing to American culture.",1
"Intel 80286, a product developed by Intel",1
Grizzlies are one of the few bear species to distinctly look like a teddy bear.,1
License to Wed is an American comedy.,1
"For his work on 30 Rock, Alec Baldwin won two Emmy Awards.",1
Marty Stuart was originally from Philadelphia,1
Torrejon de Ardoz is a name of a city.,1
Rwanda is a name of a country.,1
The headquarter of Guinness World Records is in London.,1
Empress Matilda was wed to Henry V.,1
Johan Huizinga's domain of work is history,1
Evonne Goolagong Cawley is an Australian.,1
French Indochina was officially known as the Indochinese Union after 1887.,1
Ramzan Kadyrov was born in 1976.,1
"Male turkeys are call ""toms"" while the females are called ""hens"".",1
"As American incomes declined, American utility bills rose.",1
Elton John was inducted in the Rock and Roll Hall of Fame in 1994.,1
Kung Fu Panda made more than $1 million on opening day.,1
"Front 242, from Belgium",1
Frank Gifford professionally plays the sport football,1
Respiratory disease can be classified by the cause of the disease and the organ or tissue involved.,1
Juliette Binoche toured with a modern dance production.,1
Troy Baker has voiced the fictional character Kanji Tatsumi in Shin Megami Tensei: Persona 4.,1
"Of all mammals, bats have the longest lifespan.",1
Wyatt Earp served as a constable.,1
"God in Christianity creates the earth, world, and the universe.",1
USMCA stands for the United States-Mexico-Canada Agreement.,1
Arnold Schwarzenegger was an actor in action films.,1
Turkmenistan was contained within IIkhanate.,1
One More Light features the vocals of Pusha T.,1
Atomic Blonde is based on The Coldest City by Antony Johnston and Sam Hart.,1
Place Bonaventure is located in Quebec,1
Polar bears are bigger than any other land carnivore.,1
AMGTV has drama television programming.,1
Nigeria is one of the countries in the Next Eleven.,1
End of Watch has Jake Gyllenhaal in it.,1
No lightsabers have been known to have crossed on Naboo.,1
The original language of Velocifero is English,1
The Nile drains through Ethiopia.,1
Pearl Jam plays music.,1
A Nightmare on Elm Street earned back its budget.,1
The Italian language is spoken in at least one place.,1
The Youth Olympic Games (YOG) is an international event.,1
Somalia's economy is partially based on livestock.,1
Dolphins are able to see underwater with both eyes open.,1
Reddit raised millions of dollars.,1
The Hobbit was written by an English artist.,1
Sikhism means learner.,1
Star Trek is referenced in movies.,1
Wyoming is the tenth largest state in the country by area.,1
One by One (Foo Fighters album) was made by a band.,1
Marble Hill is in the New York City borough of Massachusetts.,1
R. Madhavan was in an Indian film that was (upon its release) the highest grossing Indian film of all time.,1
Colin Farrell starred in Minority Report.,1
Shane McMahon worked for WWE.,1
USS Chicago was named for Chicago,1
Dhool featured a woman in a lead role.,1
Azithromycin is sold.,1
Aishwarya Rai received critical appreciation for her performance in Kandukondain Kandukondain.,1
Bobby Andrews works as actor,1
DreamWorks Pictures produced Tropic Thunder.,1
Los Angeles has ethnic diversity.,1
Adolf Hitler was the leader of the Nazi Party.,0
Priyanka Chopra was born in the 1900's.,1
Vienna is a city in Austria.,0
Only Lovers Left Alive is a film.,1
Harley Quinn has been portrayed by Margot Robbie.,1
A Golden Globe nomination was given to Ray Milland.,1
Shahid Kapoor made his film debut in India in 2003.,1
Wild deers have been around for over a million years.,1
Patton Oswalt is an improv comedian.,1
The headquarter of Cineflix is located in Montreal,1
The Black Dahlia is a motion picture.,1
Rick Mirer plays as quarterback,1
Tina Turner released at least 2 albums.,1
Black Sabbath are often called pioneers of a genre of music.,1
Fubon Financial operates in the industry of insurance.,1
Turkeys can make a noise similar to a human infant crying.,1
Macaulay Culkin stars in Party Monster.,1
"Miley Cyrus is an American singer, songwriter, actress and record producer.",1
Carol & Company was originally aired on NBC,1
Qianzhou is a name of a city.,1
"The Shizit, created in Seattle",1
Dementia has risk factors.,1
Muthulakshmi Reddi died in the city of Chennai,1
The Logie Awards took place at a casino for its latest ceremony.,1
Baloch persons are an Iranic group of humans.,1
Viktor Chernomyrdin's life ended in Moscow,1
Batman’s relationship with Joker is the longest running partnership in comics.,1
Barbara Bain is a person.,1
John Lennon sold millions of solo albums in 2012.,1
"Cerebral Fix, that was started in Birmingham",1
Ulysses S. Grant served as the eighteenth president of the USA.,1
Willie Nelson was in a band.,1
Tim Rice worked with band members of ABBA.,1
Jon Watts directed the marvel movie Spider-Man: Homecoming.,1
Anne was born during Charles II's reign.,1
Pink Floyd has a long play collection of songs called Animals.,1
The Titanic was a famous ship that sank in 1912.,1
Amal Nasser el-Din speaks the language Hebrew,1
Azerbaijan was the first democratic state in the Muslim world.,1
"Hilda Ellis Davidson began life on October 1st, 1914.",1
Tim Rice penned a rock opera with Andrew Lloyd Webber.,1
Narumiya rice crackers are wrapped in washi paper.,1
Christie Brinkley has been called one of the most attractive women ever.,1
Osh is a city in Kyrgyzstan.,1
Alonzo Bodden's profession is an actor,1
Laurence Fishburne was in a superhero film in 2016.,1
Wild bison were once found in every state in the contiguous United States.,1
Arrested Development follows characters.,1
Alcobendas is a city in Spain.,1
Lee Majors was given the name Harvey Lee Yeary when he was born.,1
Dylan O'Brien and Wes Ball have worked together.,1
Sensitive Skin's first series aired in a country.,1
Each season on Jupiter lasts for about three Earth years.,1
North America was mostly covered in tundra during the last ice age.,1
Lauren Bacall died from a stroke.,1
Stuart Sutcliffe was the original bass player of the Beatles.,1
The native language of John Calvin is French,1
"Tamera Mowry acted in Sister, Sister.",1
Wellington Catholic District School Board can be found in Ontario,1
Bette Davis was on a list published by the American Film Institute.,1
Telephone consists of an expanded musical element.,1
Donald Glover has a stage name.,1
Jon Snow is a major fictional person in the book A Dance with Dragons.,1
Evil Queen (Disney) was voiced by Lucille La Verne.,1
Man of Steel began principal photography in West Chicago.,1
The DuPont Show with June Allyson is to debut on CBS,1
Tarapoto is a city in Peru.,1
Prince released a minimum of 28 albums.,1
Tajimi is a name of a city.,1
"Armando Iannucci, who is employed by BBC",1
Oliver Reed was from Europe.,1
The Martha Raye Show was released on NBC,1
Francis I of France was born on the twelfth of September in the year 1494.,1
Raccoons are considered one of the most intelligent animals in North America.,1
The Eiffel Tower grows about six inches during the summer because the metal expands in the heat.,1
Nick Nolte was born in the 1940s.,1
The average lifespan of a hummingbird is only around three to five years.,1
Matic Osovnikar has a citizenship from Slovenia,1
Snoop Dogg is a man.,1
Sue Vertue was born on September 21.,1
Avril Lavigne is a musician.,1
Cows are the only mammal to produce bifurcated tracts.,1
Neil Young made a recorded work.,1
The human condition is analyzed in psychology.,1
Mr. Nobody was directed by a man.,1
Synesthesia is a phenomenon in which one perceived stimulus triggers simultaneous sensory experiences in a second modality.,1
Ninety percent of the world's cauliflower crop is grown in Californa.,1
Multiple actors have played Superman.,1
J.Lo (album) was recorded by a singer.,1
Sierra Leone is a name of a country.,1
Curtis Amy performs jazz,1
Nassau has a population of approximately 274400.,1
Triple H works in business.,1
Jag had 10 seasons with a total of 227 episodes.,1
Ayn Rand opposed control of economic policy.,1
LeBron James is a professional basketball,1
Pope Alexander VI believed in Jesus Christ and God.,1
The genre played by Todd Sickafoose is jazz,1
"In Shakhunya, they understand Russian",1
Thank Me Later is the name of a Drake album.,1
Joseph is the middle name of Jared Leto.,1
There was a broadcast called A Fine Romance.,1
Travis Barker played for the Aquabats starting in 1996.,1
Lennie Tristano is originally from Chicago,1
Paper Moon (film) is a 1973 American comedy-drama film.,1
The Moon was once a part of the Earth.,1
Libya is in Africa.,1
The Great Buck Howard features Americans.,1
Apple Inc. is the world's largest mobile phone manufacturer after Korean company Samsung.,1
Gambacorta Peak is located in the continent Antarctica,1
Wilkie Collins's life ended in London,1
Sydney Peace Prize is located in Australia,1
During World War II there was a military campaign that lasted 6 years.,1
"The world's five senses are Sight, Hearing, Smell, Taste, and Touch.",1
Jeff Bezos's Blue Origin has test projects.,1
Vanilla Sky stars an actor.,1
Three Men and a Baby stars Steve Guttenberg.,1
Earth is the only planet in the Solar System with atmosphere breathable by humans.,1
Kathy Bates is a person.,1
Albus Dumbledore works at a school for students.,1
Germanium appears in its standard state as Solid.,1
Anne Frank was born in a European city.,1
"Caroline, Princess of Hanover is wedded to a person born in 1954.",1
"Fredrika Bremer, a native Swedish",1
Brandon Lee died in March.,1
Arno belongs to the continent of Europe,1
Frogs can change the color of its skin for camouflage.,1
John Lennon died before 1987.,1
Ron Swanson likes hunting.,1
Charlie Teagarden is native to Vernon,1
Toyota Corolla E140 is produced by Toyota,1
Italian National Labor Bank was formed in Rome,1
A subtype of anti-nuclear antibodies are anti-SSA/Ro autoantibodies.,1
Lady Gaga worked as a songwriter.,1
Tommy Lee Jones won the Academy Award in the Best Supporting Actor category.,1
Aswan has a population of approximately 267913.,1
Tré Cool is in the music industry.,1
Nanotechnology is manipulation of matter on an atomic scale.,1
Stockard Channing portrayed First Lady Abbey Bartlet in The West Wing.,1
James Garner speaks English,1
Jessica Lange is an actor.,1
"One song by The Who was ""My Generation"".",1
"Anak Bukit, in Malaysia",1
Jackie Chan performs many of his own stunts.,1
Lily James appeared in a work.,1
Gemstones occur naturally and have been used as decorative items since ancient times.,1
Conor McGregor is a mixed martial artist with the Ultimate Fighting Championship.,1
"Abraham Lincoln was born in a one-room log cabin in Hardin County, Kentucky.",1
Vacation stars Steele Stebbins.,1
Sarcoidosis is described as a painless skin disease.,1
Basil flavors many different cultural dishes.,1
Bob Arum is the CEO of a company based in Las Vegas.,1
Tennis players utilize rackets.,1
Christian Ude is a mayor,1
"Beginning in the 80s, Seattle has been a center of technology.",1
Craseonycteris thonglongyai is the Kitti's hog-nosed bat's scientific name.,1
The largest mammal in the world is the blue whale.,1
Game of Thrones (season 3) was broadcast at night.,1
Mark Wahlberg co-stars in an A&E series.,1
Hamah has a population of approximately 696863.,1
Erzurum has a population of approximately 105317.,1
Final Fantasy XII got praise.,1
Grey's Anatomy has received two Emmy nominations.,1
Alex Rodriguez has scored over 1000 runs.,1
The profession of Frederick Volpe is actor,1
David Beckham has children.,1
Shay Halley is also recognized as Shae.,1
Assyrian people speak modern Aramaic.,1
"Suits is about a law associate, who is a college dropout.",1
Krogh Island is located in Antarctica,1
Underworld's main character Selene is portrayed by Kate Beckinsale.,1
Wuzhong has a population of approximately 1284000.,1
Clifford Curzon plays the instrument piano,1
Lebanon has a capital.,1
Armin Mueller-stahl stars in Kafka.,1
The Great Outdoors (film) was directed by an American film and television director.,1
Tool is a band.,1
"Bald Eagles mate for life, but may choose a new partner if one dies.",1
Chris Pratt was in the cast of a science-fiction adventure film.,1
"Michele Bartoli, speaker of Italian",1
Underworld's director is a vampire Death Dealer.,1
"Veysian Rural District, located in Iran",1
"In British Hong Kong, they understand Chinese",1
A Los Angeles Lakers player was Kareem Abdul-Jabbar.,1
Albania is a member.,1
To the Bone is a motion picture.,1
"Jack Nicholson has portrayed the ""eternal outsider, the sardonic drifter.""",1
Neve Campbell wrote the fourth and fifth seasons of a Netflix drama series.,1
Peggy Sue Got Married is a film that fits in both the comedy and the drama genres.,1
Barbara Bain only acts in film.,1
Mathieu Bodmer has a citizenship from France,1
The language of The Girlie Show World Tour was English,1
"The Burj Khalifa is the world's tallest building, which is in Dubai.",1
Alexander Ivanovich Herzen is originally from Moscow,1
Pineapple Express is an American stoner film.,1
Ghazan is follower of Islam,1
Moles are mostly active at night.,1
Just the Way You Are is a Bruno Mars single.,1
Bill Evans's label is Fantasy,1
Astatine has the atomic number of 85.,1
"The Alice, that was created in Australia",1
Laura Linney was in Primal Fear.,1
Mirka Federer was an athlete.,1
A nominee for the 2016 presidential election was Donald Trump.,1
"Loy Yang Power Station, in Victoria",1
The language of Bulgarian Wikipedia is Bulgarian,1
Hayden Panettiere starred in a drama.,1
Sofia Kovalevskaya works in the area of mathematics,1
KFC has its main office in Kentucky.,1
Lisa Marie Presley is an actress.,1
George Foreman worked for an American premium cable and satellite television network.,1
"Dangerously in Love sold 317,000 copies.",1
Arctic hare populations are known to phase – or dramatically change color – in accordance with the seasons.,1
Adilson dos Santos plays in the position of defender,1
Michael Phelps holds the long course world record in 2 butterfly lengths and an individual medley.,1
Desperate Housewives was created by Marc Cherry for ABC.,1
Animating the Furry fandom is a delight for fans.,1
Nina Simone was human.,1
Seabiscuit was a champion racehorse in the United States.,1
The first Harry Potter book came out in the 90s,1
The original language of A Hunting Accident was Russian,1
Superman is Clark Kent.,1
The location of Champaner-Pavagadh Archaeological Park is Gujarat,1
Audrey Hepburn acted in Charade.,1
The New York Giants are a football team.,1
Karl Urban played Eomer in Peter Jackson's The Lord of the Rings trilogy.,1
Qin dynasty introduced several legislation.,1
Rhona Mitra is a person.,1
Paul Harsley plays in the position of midfielder,1
E! TV helped to revolutionize how we get our celebrity news.,1
"Anvil Publishing, that was formed in Philippines",1
The Guest stars Maika Monroe.,1
Asteroid Day was founded in part by an astronaut.,1
Some people are born without a reflex to blink when something comes close to touching or enters the eye.,1
Vikram has associations with Kasi Eye Care.,1
42's writer and director is Brian Helgeland.,1
Destiny was released for the Xbox One.,1
Night Court premieres on NBC,1
"Johan Hedberg, who plays the position goaltender",1
An oyster can change its gender.,1
"On January 26, 2017, the first season of Legion premiered at the Pacific Design Center.",1
"757,000 copies were sold of Artpop.",1
Wool frequently causes mild to moderate skin allergies.,1
Taylor Kitsch worked on the film Battleship.,1
Mark Millar has worked on The Authority as a writer.,1
Habikino is a name of a city.,1
Paolo Bertoli holds the title of bishop,1
Lisa Bonet was named in 1967.,1
"Tyler, The Creator hosts a carnival.",1
Saguenay has a population of approximately 144746.,1
Tanzania is part of Africa.,1
The United Kingdom was the world's foremost power.,1
Game of Thrones (season 1) is based on a fantasy book.,1
Tate Ellington acted in an American drama thriller series that premiered on ABC in 2015.,1
Smoking increases the risk of leukemia.,1
Jim Weider plays the guitar,1
Cancer can be prevented by eating plenty of vegetables.,1
Cordilleran Ice Sheet covered a large portion of North America.,1
Malayali follows the religion of Buddhism,1
A central venous catheter is a catheter placed into a large vein in surgery.,1
The language of McVicar is English,1
Donnie Wahlberg is responsible for overseeing production of a TV show or movie.,1
See You Again (Miley Cyrus song) was remixed by Rock Mafia.,1
Atlantic cod FISH OF GREEN LAND.,1
Gottlieb Daimler lived in Germany.,1
Shirley MacLaine has won a BAFTA Award for Best Foreign Actress.,1
Yvonne Ridley is affiliated with the religion Islam,1
Lindsay Lohan is an entertainer.,1
Morgan Fairchild was in Paper Dolls.,1
Montesquieu contributed to the philosophical and political works of the European Enlightenment.,1
Christchurch has a population of approximately 383200.,1
The Tenth Doctor travels alone during the time period 2008-2010.,1
Alessia Cara collaborated.,1
Maisie Williams made her acting debut in 2011 in Game of Thrones.,1
"George Tuska's date of birth was April 26th, 1916.",1
Norfolk Island is a name of a country.,1
Viva la Vida or Death and All his Friends is an album released by Coldplay.,1
Federated States of Micronesia is a name of a country.,1
Margrethe II of Denmark speaks the language Swedish,1
"Conan O'Brien is the host of Conan, a talk show.",1
The 14th was the day Bharat Arun was born.,1
Miranda Cosgrove is an American songwriter.,1
Carl Hovland's domain of work is psychology,1
Split Airport was named for Split,1
John Wooden used to coach the UCLA Bruins.,1
"The hard fighting, female warrior from the original Alien franchise was actress Sigourney Weaver.",1
The Eastern half of Australia was claimed in 1770 by Great Britain.,1
Wayne Rooney is part of a dominant soccer team called United.,1
The headquarter of Microland is located in Bangalore,1
Dalai Lama born in state of Lhasa.,1
The electrical grid in the United States is vulnerable to cascading failures.,1
Al Gore lost the electoral college.,1
"Kingdom of Valencia's capital, Valencia",1
Fascism rose to prominence in early 20th century Europe around the time of World War I.,1
Play-Doh was originally invented as a wallpaper cleaner.,1
John Dewey famously did not believe in God.,1
Dirt (TV Series) was created by Matthew Carnahan.,1
"Dragon originates from a Greek word with the significance ""dragon, serpent of huge size, water-snake.""",1
Miyu Irino voices a character.,1
Falck Group was created in Milan,1
The wheel is considered one of the greatest inventions of all time.,1
Himamaylan has a population of approximately 116240.,1
Lleida is located in Spain,1
"California Citrus State Historic Park, in California",1
Gabrielle Union's career started in the 1990's.,1
"Samantha Jade, that was created in Australia",1
The language used by Piero Manzoni is Italian,1
Akshay Kumar works in cinema.,1
Nelson Mandela's administration retained its predecessor's framework.,1
Anna Louisa Karsch works as poet,1
"Foo Fighters, that was started in Seattle",1
American Pie was directed by siblings.,1
Adam West was born in the twentieth century.,1
Imagine Dragons' Daniel Platzman is their percussionist.,1
Inhumans have a television series based on them.,1
"Westland Helicopters, by Leonardo",1
Jet Li is a Chinese martial artist.,1
"Statistically, middle-aged white men have the highest suicide rate.",1
The Cloverfield franchise includes the film 10 Cloverfield Lane.,1
Where is 2000 Australian Open? It is located in Melbourne,1
Coca is grown in Argentina.,1
Major League Soccer playoffs involves 12 teams competing against each other.,1
The Vampire Diaries is an American supernatural television series.,1
A signer of the Poona Pact is Dr. Babasaheb Ambedkar.,1
"University of Chicago Law School is ranked first for ""Faculty quality based on American Academy of Arts and Sciences Membership.""",1
Bruno Kreisky used to work in Vienna,1
"In Kentucky, the electric chair has been retired except for those whose capital crimes were committed prior to March 31, 1998, and who choose electrocution as their preferred mode of death.",1
Ronaldo Maczinski was born in 1980.,1
Farrah Fawcett received an Emmy Award nomination for her role as real-life murderer Diane Downs in the 1989 film Small Sacrifices.,1
One common cosmetic is rouge.,1
Vung Tau is a name of a city.,1
"Anatoly Kudryavitsky, a native Russian",1
The sky is often cloudy when it's going to rain.,1
The headquarter of The Imaginarium Studios is located in London,1
Which position does Milton Blanco play? They play as midfielder,1
New York City has over 40 colleges and universities.,1
Patton Oswalt was born during the Vietnam War.,1
Lasers actually do not emit light.,1
Down syndrome occurs in about one per 1000 babies born each year.,1
The language used by Joachim Lebreton is French,1
John Sayles collaborated with Robert Richardson.,1
The twin city of Mexico City is Havana,1
Janet Varney voiced Korra in The Legend of Korra.,1
AC/DC are an Australian band formed in 1973.,1
Raggedy Ann is a fictional character.,1
Oleg Lundstrem expired at Moscow,1
Her is an American film.,1
Charles Haley is a former football linebacker and defensive end.,1
Organic chemistry studies the reactions of organic compounds.,1
Kropyvnytskyi is a name of a city.,1
Google Home's design received feedback.,1
David Jones (video game developer) founded Realtime Worlds.,1
Viamao has a population of approximately 239384.,1
"Sacre-Coeur, Paris is an embodiment of conservative ethical order.",1
The Kerner Entertainment Company produced The Mighty Ducks.,1
The domain of activity of Jean Le Rond d'Alembert is mathematics,1
Legion was written by more than one individual.,1
Philadelphia contains 67 National Historic Landmarks including the Liberty Bell.,1
Mike Pence served as governor of Indiana.,1
The Golden Girls stars Rue McClanahan as Blanche Devereaux.,1
Artpop debuted at number one on a list.,1
A Yankee is a native or resident of New England.,1
Michael Schumacher is a race car driver in Formula One.,1
Liev Schreiber is a screenwriter.,1
"Ultimate Spider-Man had four seasons, and changed titles twice.",1
"Denis Leary was born on August 18th, 1957.",1
Loki is the brother of mythological characters.,1
Spotlight got its release by Open Road Films.,1
R. Madhavan was in the cast of the biopic Guru.,1
Only about half of animals have vertebrae.,1
The Pennsylvania Chronicle was an American colonial newspaper published in Philadelphia.,1
Lee Child is also known another name.,1
"The Strain premiered on July 13th, 2014 on FX.",1
The Blue Lagoon was released in or before 1927.,1
Madagascar is a name of a country.,1
"During the Edo period, the Tokugawa shogunate ruled over the country of Japan.",1
California is a place.,1
The Statue of Liberty was originally a light brown color.,1
"Burials at St Paul's Cathedral well that Horatio Nelson, 1st Viscount Nelson.",1
The Great Gatsby explores themes of decadence.,1
"Throughout history, Othello has been a popular play.",1
Coldplay released a song called Yellow.,1
Broadcast News is a 1987 movie.,1
"Lewis Kaplan, playing the violin",1
"The sparrow is a small, social bird that can be found in many urban environments.",1
"Chris Carter wrote, produced, and directed The X-Files.",1
Grey Gull Records plays jazz,1
Reinbolt Hills belongs to the continent of Antarctica,1
Cape Longing is a part of the continent of Antarctica,1
"Dolly Parton's first album is Hello, I'm Dolly.",1
Chris Evans (actor) starred in Captain America: The First Avenger.,1
"Game of Thrones's third season concluded on June 9, 2013.",1
"John Inverdale, who is employed by BBC",1
"Carice van Houten was born in the Netherlands on September 5, 1976.",1
Few can dispute Barbra Streisand dramatic contributions to pop culture.,1
Shia LaBeouf starred in a film.,1
Chris Froome was raised in Kenya and South Africa.,1
Marion Cotillard starred in La Vie En Rose (2007).,1
"Google Map Maker, created by Google",1
T2 Trainspotting is set in and around Edinburgh.,1
Pius II has the position of pope,1
Nino Taranto is native to Naples,1
Each online social network creates its own mini-economy -- total strangers receive value through trade.,1
The USS Constitution is a United States Navy ship.,1
Calvin Harris is a songwriter.,1
Matthew Vaughn is in the film industry.,1
Fifth Harmony sold 7 million songs through digital downloads.,1
Thirteen percent of the world's population is left-handed.,1
Leroy Jethro Gibbs is fictional.,1
Volvo XC90 is created by Volvo,1
Sacramento is a name of a city.,1
Dysprosium is used in magnets and lasers.,1
The language of Adentro is Spanish,1
Interpersonal psychotherapy is attachment-focused.,1
The IPhone 4 was marketed by Apple Inc..,1
The Crazies is a remake of a 1973 film.,1
The original language of Maya Kannadi was Tamil,1
Narendra Modi is the Member of Parliament for Varanasi.,1
What is the twin city of Manila? It is Shanghai,1
Greenwich is in London.,1
The author of Jane Eyre's source material died in March.,1
Cancer can be prevented by not smoking.,1
A Bull sharks swim in both salt water and fresh water.,1
Dangerously in Love debuted at number one on the US Billboard 200 chart.,1
Disinvestment from South Africa is credited for exerting pressure.,1
Crayola produces over Billion crayons a year.,1
Italy has more volcanoes than any other country in the world.,1
Lisa Langseth directed Hotell.,1
"Elephants are capable of crying, and sometimes make a mournful sound like a baby crying.",1
Keanu Reeves played bass guitar for a band.,1
Star Search was relaunched.,1
A View to a Kill is a title.,1
"Pharmacology deals with the research, discovery, and characterization of turnips which show biological effects.",1
Stanley Tucci is a director.,1
Hamlet (1990 film) starred Mel Gibson.,1
Tim Rice worked for Walt Disney Studios.,1
David Carradine received four Golden Globe Awards nominations.,1
Greyson Chance is a musician.,1
Zadar Airport owner Croatia,1
The Renaissance began in Florence.,1
The Dodo has been depicted with a naked head.,1
Queen Elizabeth II eats poisonproof food.,1
There was a movie that had a budget of $31 million dollars titled Vacation (2015 film).,1
Burning a piece of paper takes longer than setting the paper aflame.,1
The Crazies (2010 film) was reviewed by people.,1
Jaguars are the only big cat in the Western Hemisphere.,1
David Thewlis worked.,1
Count Leopold Joseph von Daun took up work in Vienna,1
Harry Potter is a fantasy series.,1
Alberto Bueno writes in Spanish,1
Eddie Redmayne appeared in Savage Grace (2007).,1
Chuck Hagel participated in American politics as a Republican Senator.,1
Prakash Jha works in production.,1
Carrie Fisher wrote Wishful Drinking.,1
Vera Farmiga has become associated with contemporary horror films.,1
The Respiratory system provides benefits to humans.,1
The Existence of God has been argued by French philosopher René Descartes.,1
Blake Edwards was a director of television and films.,1
"Steven Gerrard represented at three UEFA European Football Championships in 2000, 2004, and 2012.",1
One novel is the basis for The Hunchback of Notre Dame.,1
"Anaconda is from Nicki Minaj's third studio album, The Pinkprint.",1
Ayn Rand opposed control of economic policy by the state.,1
7 Things is a song by an American singer-songwriter.,1
Brubaker is a 1980 film.,1
Ultimate Spider-Man was retitled Marvel's Ultimate Spider-Man: Web Warriors for its third season.,1
The Polly Bergen Show debuted on NBC,1
Liechtenstein is a name of a country.,1
Atlas Elektronik owner Airbus,1
Richard Dawson was on American television.,1
"Otis Spann, playing the piano",1
"Fatma Mukhtarova, who plays opera",1
"Break on Me was released before October 23rd, 2015.",1
The European Parliament represents the dominant political organization in the European Union.,1
Clementine Chapel allows access to pilgrims.,1
Kiefer Sutherland was in The Bay Boy (1984).,1
William McKinley died in the early 1900s.,1
Take a Bow topped the Billboard Hot 100 chart for 7 weeks.,1
The New York City Landmarks Preservation Commission consists of 11 commissioners.,1
Alison Brie Franco is the full name of Alison Brie.,1